model_name,dataset_name,users_top_percent,users_dec_perc_suppr,community_suppression,suppress_power_nodes_first,use_suppression,experiment_id,log_file,top@10_ndcg,top@10_recall,top@10_precision,top@10_mrr,top@10_hit_rate,top@10_item_coverage,top@10_gini_index,top@10_average_rec_popularity,top@10_popularity_lift,top@10_pop_miscalibration,top@10_simpson_index_genre,top@10_intra_list_diversity,top@10_normalized_genre_entropy,top@10_unique_genres_count,top@10_user_community_bias,top@20_ndcg,top@20_recall,top@20_precision,top@20_mrr,top@20_hit_rate,top@20_item_coverage,top@20_gini_index,top@20_average_rec_popularity,top@20_popularity_lift,top@20_pop_miscalibration,top@20_simpson_index_genre,top@20_intra_list_diversity,top@20_normalized_genre_entropy,top@20_unique_genres_count,top@20_user_community_bias,top@50_ndcg,top@50_recall,top@50_precision,top@50_mrr,top@50_hit_rate,top@50_item_coverage,top@50_gini_index,top@50_average_rec_popularity,top@50_popularity_lift,top@50_pop_miscalibration,top@50_simpson_index_genre,top@50_intra_list_diversity,top@50_normalized_genre_entropy,top@50_unique_genres_count,top@50_user_community_bias,top@100_ndcg,top@100_recall,top@100_precision,top@100_mrr,top@100_hit_rate,top@100_item_coverage,top@100_gini_index,top@100_average_rec_popularity,top@100_popularity_lift,top@100_pop_miscalibration,top@100_simpson_index_genre,top@100_intra_list_diversity,top@100_normalized_genre_entropy,top@100_unique_genres_count,top@100_user_community_bias
ItemKNN,lastfm,0.05,0.4,0.5,True,False,lastfm_ItemKNN_u0.4_s0.5_pTrue_0630_113332,lastfm_ItemKNN_no_suppression_113332.log,0.2650475096163512,0.23809018607179286,0.18300102726720774,0.5231891340647881,0.7894811642409203,0.45070721357850074,0.7904021713329592,203.49340460004444,8.1042014956897,1.3578215560650047,0.840971816134328,0.6876826147364226,0.8849685998852699,10.779407656468557,0.8196427822113037,0.30495606866684866,0.3355108073609534,0.12894379004597972,0.5231891340647881,0.8764952058452427,0.6034653465346534,0.7903000016874436,172.79549932605156,6.881645854021599,1.1500253977777681,0.8641757547602692,0.7224853502317709,0.8436685718149031,16.004729967545053,0.7695167779922485,0.36556113066460666,0.49080975433292506,0.0759051493134282,0.5231891340647881,0.9432504905048253,0.8213578500707213,0.7701091861133361,133.7110675167779,5.325093633818446,0.8359737871114769,0.8960744637514961,0.7865356803639273,0.8094268092120567,28.049648887032703,0.6965858221054078,0.40800588217654177,0.6239685198621657,0.04834484344380581,0.5231891340647881,0.9714652968341564,0.9480905233380481,0.7288270589911212,107.80523242919064,4.293383992532758,0.604003212919424,0.917449013360039,0.8323008328859102,0.7997158958525007,41.40889973862332,0.63133385181427
ItemKNN,lastfm,0.05,1.0,0.2,True,True,lastfm_ItemKNN_u1.0_s0.2_pTrue_0702_151548,lastfm_ItemKNN_u1.0_s0.2_pTrue_0702_151548.log,0.030002555309187873,0.0314528665683433,0.02105220645194093,0.08598446341670093,0.1838229331731566,0.6812588401697312,0.41107780976003794,25.896426721128382,1.031334949547262,0.12560781046688024,0.9208102307875107,0.9089767640979363,0.9476415403826437,18.07192745158174,0.5250259637832642,0.03879931570719674,0.051121121533325244,0.017634063844777313,0.08598446341670093,0.27773408091584095,0.7021216407355022,0.3734843048937371,28.405874463416012,1.131274651211667,0.12437033297595909,0.9393182068769631,0.9147240449310378,0.9238389369252691,28.450643982741894,0.474468594789505,0.05519568428052427,0.0954830799173241,0.013290720174775386,0.08598446341670093,0.4373339573454048,0.7178925035360678,0.36388734387062505,31.731306642980105,1.2637112404780697,0.1429198805601215,0.953234507785232,0.9238724743100217,0.8946452872392763,47.16222957522364,0.41432188749313353,0.07124729563902418,0.14721296373484838,0.010464865461092281,0.08598446341670093,0.5692327556070629,0.726944837340877,0.38702280696059443,33.20113370698739,1.3222476569970474,0.16756784984780632,0.9586975206032783,0.9286283783265439,0.8737112955231929,63.60769095376172,0.3904482007026672
ItemKNN,lastfm,0.05,0.625,0.8,True,True,lastfm_ItemKNN_u0.625_s0.8_pTrue_0702_153048,lastfm_ItemKNN_u0.625_s0.8_pTrue_0702_153048.log,0.15281795131558323,0.1445652959725167,0.1112607455738247,0.3333759809373063,0.6194890463357223,0.7700848656294201,0.6587449671743315,134.4013809105799,5.352585624772847,0.72531103471689,0.8838299163927209,0.8105265548992898,0.912050665371706,14.212300178311267,0.5625139236450195,0.18436827461177802,0.21842465325886068,0.08382344135074246,0.3333759809373063,0.752186535920867,0.9041725601131543,0.6525471339778603,121.93976444148466,4.856297054506669,0.6262560599666827,0.9067668025597622,0.8344671862059736,0.8826957925246586,21.95115900415044,0.5003684639930726,0.23252646595019835,0.3425975003142258,0.052832422724672645,0.3333759809373063,0.8791049102166184,0.9695898161244696,0.5973105850039996,102.2228462002801,4.071063358039601,0.4721923614525063,0.9287165662186426,0.8666418625579102,0.8522452640042737,37.38009596740269,0.43432292342185974,0.26899583455180676,0.45726650121926804,0.03533616503949157,0.3333759809373063,0.9344939808165499,0.9763083451202264,0.5349464791807124,85.71392539730832,3.4135893680268685,0.34581635121916354,0.9408777641000936,0.887916016996823,0.8361280614331191,52.96067245556478,0.39214085340499877
ItemKNN,ml-100k,0.05,0.4,0.5,True,False,ml-100k_ItemKNN_u0.4_s0.5_pTrue_0630_113217,ml-100k_ItemKNN_no_suppression_113217.log,0.2830561689959206,0.23258157454734046,0.19681365961704078,0.4962002438138534,0.8014370272040182,0.17006907137375288,0.6931441559312207,238.42586517618093,5.631630604995264,1.8623445540562742,0.8448158235995873,0.8022134893271632,0.9135073048497349,9.45240357560156,0.7547698497772217,0.30113998679983434,0.3433149704232445,0.1524883749220906,0.4962002438138534,0.887969718133434,0.22409823484267077,0.6668688355605027,213.3380934854891,5.039056209763298,1.5875505842654523,0.864573848608633,0.8111463646956857,0.8953601966130279,11.773368534748673,0.7137546539306641,0.3535511030011743,0.5110080552340788,0.09879593951332147,0.4962002438138534,0.9500509725586536,0.3479662317728319,0.6594920805304689,182.6015476988858,4.313057493911868,1.258124762261244,0.8815437448544433,0.824480990951048,0.8769616945206804,14.6192443961826,0.6321236848831177,0.4041273413046501,0.6536995489118731,0.06802077126226842,0.4962002438138534,0.9751311858803671,0.491481197237145,0.6469014963904731,155.6517227982982,3.6765013107256883,0.9798399141013567,0.886514972079615,0.8282889524999308,0.8679860668732807,15.95719721528651,0.5262210845947266
ItemKNN,ml-100k,0.05,1.0,0.2,True,True,ml-100k_ItemKNN_u1.0_s0.2_pTrue_0702_145946,ml-100k_ItemKNN_u1.0_s0.2_pTrue_0702_145946.log,0.11555263954218957,0.07880549407672191,0.08467324038433661,0.26951332524884275,0.48831414626478475,0.4121258633921719,0.8112841881457543,157.31593844852364,3.7158101658375116,1.5681833947654227,0.842136685461309,0.8108327444113492,0.9169425420477626,9.468302541847128,0.5438560962677002,0.11978060585134298,0.12122900434056723,0.0675185369688063,0.26951332524884275,0.596105828860075,0.5694551036070606,0.8138466174773022,138.82864647726268,3.2791394246328887,1.3013067412159622,0.8611647102186037,0.8121961330590144,0.8961533291831001,11.621962543197515,0.46252119541168213,0.14420280700595245,0.19678221845821858,0.046901846391144586,0.26951332524884275,0.6992089539717439,0.743207981580967,0.7844854736006128,113.23952041796709,2.6747230146761733,0.8879822288281733,0.8731314678685285,0.8130678705845382,0.8707055330510689,14.074417231982306,0.3639368057250977,0.17229602555036105,0.27601723094110986,0.03384608139485717,0.26951332524884275,0.772761967946649,0.8234842670759785,0.7235252457297803,93.12369112773497,2.1995861422901966,0.598692416398926,0.8750057396342339,0.8136264700334701,0.8481926307579529,15.75039790400022,0.319634872674942
ItemKNN,ml-100k,0.05,0.67,0.5,False,True,ml-100k_ItemKNN_u0.67_s0.5_pFalse_0702_151004,ml-100k_ItemKNN_u0.67_s0.5_pFalse_0702_151004.log,0.19500103574512848,0.1538568988675544,0.137586878204567,0.389930024608824,0.6698621224121585,0.26999232540291634,0.8221065242820697,225.06010153865446,5.315930613701927,2.029620409220387,0.8570473987060309,0.8173593709279137,0.9255838830801268,9.9476321459321,0.5220580458641052,0.20825884578875425,0.23057042270287123,0.10918575510537068,0.389930024608824,0.7782939387048264,0.38372985418265537,0.823645649929162,201.4327172860746,4.757850641235479,1.7101881394547753,0.8726406987799937,0.8192238364469923,0.9096558763410382,11.808098421412,0.42465723752975465,0.2547252702522671,0.3704470648863394,0.07658305150144194,0.389930024608824,0.8830955814696482,0.5980046047582502,0.8109072619870867,169.67871030492128,4.00781944217008,1.2369780283544132,0.8812838793269983,0.8205871215032762,0.8827974531574228,14.049887404015294,0.30875728130340574,0.3027873547244421,0.5045584932168892,0.05618105679952127,0.389930024608824,0.9228435822166923,0.7772831926323868,0.7803211857016724,144.45238764659268,3.4119724663012834,0.8937423012638739,0.8828836918134921,0.8205373068271256,0.861079887013446,15.70452792375605,0.2573801100254059
ItemKNN,ml-100k,0.05,0.625,0.8,False,True,ml-100k_ItemKNN_u0.625_s0.8_pFalse_0702_151441,ml-100k_ItemKNN_u0.625_s0.8_pFalse_0702_151441.log,0.20654778607883634,0.16447191100084538,0.14523715546134353,0.4053449897504863,0.6883542627982578,0.2377590176515733,0.8119252132577731,232.88413654984134,5.500734703606332,2.0756006692497535,0.8580990634907624,0.8178743858097366,0.9255648073230238,9.982690672246187,0.5271071314811706,0.22257077114186918,0.25094045971762513,0.11583804334184497,0.4053449897504863,0.8048617087254568,0.3447429009976976,0.8154248996754596,209.13690448036664,4.939823919838988,1.7479529694319598,0.8727873156438115,0.8183714754514624,0.9083860876521441,11.869560810163266,0.42883784174919126,0.27199159376450566,0.4004023409309945,0.08074791072804718,0.4053449897504863,0.904982930968837,0.5373752877973905,0.798511176504929,176.41283848973822,4.166879879491143,1.271245282500842,0.8812540399981608,0.8201415322832369,0.8813230641441805,14.156182923879816,0.318551117181778,0.3226078570759048,0.5432318686768409,0.0589179610148202,0.4053449897504863,0.9443040388247137,0.7074443591711436,0.7671510342561817,149.9796379075717,3.5425263879917686,0.9337996419544231,0.8833346244241345,0.8211078615283268,0.8620921504646081,15.723706361230072,0.2720574140548706
ItemKNN,ml-1m,0.05,0.4,0.5,True,False,ml-1m_ItemKNN_u0.4_s0.5_pTrue_0630_112341,ml-1m_ItemKNN_no_suppression_112341.log,0.29882191134381303,0.18210118391432065,0.23845719540545712,0.5305863703183976,0.8324326909443227,0.27882909520993493,0.8376749995762497,1421.205100397137,8.358212809931256,1.5423567834032537,0.815400805047924,0.7120756410663287,0.8898732640345035,8.779302425852888,0.6237775325775147,0.29883788722048077,0.27087900476992954,0.18798329783224094,0.5305863703183976,0.9023822765057062,0.3740981667652277,0.8330582790012301,1281.6187580037856,7.537295157188844,1.295687068031303,0.8448971273631392,0.7482793320110007,0.8709993099678041,11.427736254459877,0.5593467950820923,0.3343615088157484,0.41936075631731545,0.12707445463529798,0.5305863703183976,0.9536097941547101,0.5328799526907155,0.8164923048009243,1078.9906211951027,6.345624026643662,0.9584416046246135,0.8696987644877575,0.7871110023121278,0.8543570951585631,14.703196750056758,0.4864381432533264,0.379919098716352,0.5473002641592026,0.08857917885883568,0.5305863703183976,0.9741539865689124,0.6700768775872266,0.7905777499263966,910.2294946813705,5.353127300413684,0.7120018178962093,0.8808839120654091,0.8086163865621817,0.8498787529553535,16.487189082672153,0.4366554498672485
ItemKNN,ml-1m,0.05,1.0,0.2,True,True,ml-1m_ItemKNN_u1.0_s0.2_pTrue_0702_155153,ml-1m_ItemKNN_u1.0_s0.2_pTrue_0702_155153.log,0.016254951225854457,0.005390029630069728,0.009281304120965223,0.07021139564434797,0.08655067577836004,0.2450620934358368,0.9513415873973947,230.97932168922983,1.358406555698878,4.056782528617236,0.7184070105835716,0.6017849902756633,0.8144165363949204,7.33861356768549,0.5338757634162903,0.013882543018432414,0.007434443464462937,0.006647013614406406,0.07021139564434797,0.11547812891423066,0.29562389118864574,0.9534449299160395,173.01834336769758,1.0175337349161455,4.006557073242556,0.7837743041223412,0.7108068191979564,0.8080958852857412,10.128898875273688,0.4454203248023987,0.01459763752083145,0.012878828605022572,0.005167834593724759,0.07021139564434797,0.19434058415799232,0.34222353636901237,0.9424834001770346,133.70205933385307,0.7863117467887822,3.630515576706596,0.8445047671148792,0.7819202612372066,0.825973898479352,13.368733369961053,0.38832833170890807,0.022711191527043796,0.037071271492484,0.00611087790447091,0.07021139564434797,0.3762218720622646,0.3863985807214666,0.9132153159404133,166.71818506486846,0.9804820357514114,3.1547006698347717,0.8832460595507342,0.8479021566942352,0.8330755334855893,17.182145354175823,0.2871981799602509
ItemKNN,ml-1m,0.05,1.0,0.5,True,True,ml-1m_ItemKNN_u1.0_s0.5_pTrue_0702_161651,ml-1m_ItemKNN_u1.0_s0.5_pTrue_0702_161651.log,0.016254951225854457,0.005390029630069728,0.009281304120965223,0.07021139564434797,0.08655067577836004,0.2450620934358368,0.9513415873973947,230.97932168922983,1.358406555698878,4.056782528617236,0.7184070105835716,0.6017849902756633,0.8144165363949204,7.33861356768549,0.5338757634162903,0.013882543018432414,0.007434443464462937,0.006647013614406406,0.07021139564434797,0.11547812891423066,0.29562389118864574,0.9534449299160395,173.01834336769758,1.0175337349161455,4.006557073242556,0.7837743041223412,0.7108068191979564,0.8080958852857412,10.128898875273688,0.4454203248023987,0.01459763752083145,0.012878828605022572,0.005167834593724759,0.07021139564434797,0.19434058415799232,0.34222353636901237,0.9424834001770346,133.70205933385307,0.7863117467887822,3.630515576706596,0.8445047671148792,0.7819202612372066,0.825973898479352,13.368733369961053,0.38832833170890807,0.022711191527043796,0.037071271492484,0.00611087790447091,0.07021139564434797,0.3762218720622646,0.3863985807214666,0.9132153159404133,166.71818506486846,0.9804820357514114,3.1547006698347717,0.8832460595507342,0.8479021566942352,0.8330755334855893,17.182145354175823,0.2871981799602509
ItemKNN,ml-1m,0.05,0.42,0.8,False,True,ml-1m_ItemKNN_u0.42_s0.8_pFalse_0702_173153,ml-1m_ItemKNN_u0.42_s0.8_pFalse_0702_173153.log,0.2566438944593027,0.1592870322839582,0.20117293318939602,0.48574664382371935,0.7899525407182547,0.2200473092844471,0.8843789184224278,1640.702531040568,9.649093511132135,1.831268309271448,0.8372647205293037,0.7415708524799147,0.9017938067499246,9.519553847179086,0.5880421042442322,0.26044193038557173,0.24064835700888082,0.16160400683849904,0.48574664382371935,0.8805786865326315,0.31301005322294506,0.87832103723341,1464.2999640763962,8.611656905752172,1.508682153826017,0.8604192515656285,0.7718223778159186,0.8833342686082475,12.06139156009236,0.49404428005218504,0.29766948969134727,0.3829926199329662,0.11262200553835044,0.48574664382371935,0.9460216413526352,0.48497930218805435,0.856926396900793,1194.6090012288353,7.025584311609855,1.065981414714575,0.8786541379511312,0.8022049813427803,0.8642783875462307,15.078195706474776,0.39633759260177615,0.34308260248665173,0.5094984948471466,0.08057723537142462,0.48574664382371935,0.9704759057208154,0.6600827912477824,0.8294991972902448,975.2796724098531,5.735692229730767,0.7566287552509734,0.8872545665144902,0.819566508940792,0.8612333068897966,16.560324758787257,0.34356536865234377
LightGCN,lastfm,0.05,0.42,0.8,True,False,lastfm_LightGCN_u0.42_s0.8_pTrue_0703_141654,lastfm_LightGCN_no_suppression_0703_141654.log,0.3515662149538148,0.3256694413532312,0.23974818456679103,0.6191308582740173,0.8947920937684822,0.5542432814710043,0.7022417722212715,149.77578640371274,5.964877115190814,0.9238809970587806,0.8632696343295596,0.7505071580400546,0.8952431423206548,12.51572230476252,0.7299144744873047,0.40311243243985534,0.4485070452168204,0.16753987263901965,0.6191308582740173,0.9494866554845778,0.7243281471004244,0.7195564668843815,133.42496749658304,5.313699592738161,0.7989397129964788,0.8850743609024236,0.7780399742478561,0.8612581195766964,18.604202199010196,0.6826092958450317,0.473855303568053,0.6289038295372117,0.09543488942704514,0.6191308582740173,0.9817951521896783,0.9180339462517682,0.7077753974528183,109.88756107924314,4.376313515449931,0.6098004700028614,0.9078678145606703,0.8168243375890661,0.8256546000415532,30.779157163831712,0.615236222743988,0.5159509346431103,0.7610484762924838,0.05798310729209346,0.6191308582740173,0.99278198894888,0.9876944837340877,0.6590779573588833,91.46077398793773,3.6424597780296843,0.45134920402612516,0.9235174944606508,0.8480535011787703,0.8090898085952005,44.12365817824698,0.552792739868164
LightGCN,lastfm,0.05,1.0,0.2,True,True,lastfm_LightGCN_u1.0_s0.2_pTrue_0704_134112,lastfm_LightGCN_u1.0_s0.2_pTrue_0704_134112.log,0.34845750512432233,0.3220423940024148,0.23715688494089746,0.61875572076483,0.8891860611490514,0.5442715700141443,0.7013908051538877,149.77268189949876,5.964753477141002,0.9279263853344408,0.8624362095951346,0.747944598526954,0.8944584950426469,12.462258516606049,0.7350300908088684,0.4000688311777698,0.4444441631462805,0.16637436508578635,0.61875572076483,0.9470161983864879,0.7167609618104667,0.7185879394958696,133.03391747250816,5.298125878217899,0.7988068330019248,0.884039722719054,0.7754014145674206,0.860065950255685,18.53150300857375,0.6866925358772278,0.4710881764645921,0.626290457075348,0.09499516747174472,0.61875572076483,0.981800604757899,0.9124469589816124,0.7060415573921246,109.57954192476666,4.364046536589778,0.6076332650761185,0.9071485179858604,0.8151676796368305,0.8247270015514632,30.644375594545103,0.6188722372055053,0.5134251182396723,0.758635320713603,0.05785533825946847,0.61875572076483,0.9922428961789743,0.9859264497878358,0.6575493556850965,91.01495468760058,3.6247048564502804,0.44817850359251254,0.9228814812555015,0.8466816936960526,0.8081572111573048,43.92899386954632,0.5560527563095092
LightGCN,lastfm,0.05,0.42,0.8,False,True,lastfm_LightGCN_u0.42_s0.8_pFalse_0703_211119,lastfm_LightGCN_u0.42_s0.8_pFalse_0703_211119.log,0.3409751184240076,0.31729056586465376,0.23268574662851846,0.6066311677893009,0.8899391419044239,0.5422206506364922,0.7065320764727898,149.63668566215088,5.959337375757817,0.9334575772347924,0.8630663398438196,0.7495184051488636,0.8953922651977543,12.472655641683374,0.7315208911895752,0.3938399227433055,0.442179867832236,0.16506426036368999,0.6066311677893009,0.9478747516632616,0.710961810466761,0.7205130287115165,133.28341477644477,5.308062202334683,0.8005405212318788,0.8842149273927236,0.7756872034533953,0.8606976110850277,18.43984303627007,0.6853303074836731,0.46512548342120663,0.6242680105946123,0.09459847392651921,0.6066311677893009,0.9826659598423543,0.9085572842998586,0.706904276366658,109.57463926541114,4.363851286334075,0.6080479943803997,0.9073046327993932,0.8153812686366797,0.8251436156086778,30.57379915958071,0.6172380566596984,0.5072696793368223,0.7557556278451116,0.05764604060961955,0.6066311677893009,0.9938615577781998,0.9837340876944838,0.6584806819387219,91.19510407154519,3.6318793735295003,0.4477761160605006,0.9229520845573427,0.8467051903572758,0.8082885204602765,43.86606080825821,0.5551399827003479
LightGCN,ml-100k,0.05,0.42,0.8,True,False,ml-100k_LightGCN_u0.42_s0.8_pTrue_0703_140345,ml-100k_LightGCN_no_suppression_0703_140345.log,0.34204184148595684,0.28903293791712287,0.2404563223415958,0.5475569820414223,0.856934297401537,0.4151957022256331,0.6968409547703451,186.90297021494274,4.414657304270287,1.2181961844865472,0.8208156516165286,0.7696137597162731,0.8983260244168351,8.775448710409966,0.6993607640266418,0.36810046392311535,0.4228042065432504,0.18884017992048546,0.5475569820414223,0.9275040340473307,0.5229470452801228,0.6979601003900024,169.83911007851572,4.011608092672998,1.0456858612903337,0.8447862450702276,0.783594672371175,0.875293823070488,11.255014051381718,0.656982696056366,0.435917246227265,0.6301476887724615,0.12399160282455071,0.5475569820414223,0.9753407877846938,0.6704528012279355,0.6702689737602541,144.40519187305492,3.4108576998203675,0.7928204877620578,0.8650883591559178,0.8019422629979249,0.8539916052546793,14.269334220616662,0.5979598641395569,0.489490380116286,0.7793095007913586,0.08190272289646575,0.5475569820414223,0.9914961222771204,0.7894090560245587,0.6284974473825683,124.14131801709127,2.9322240075459067,0.5890722444441537,0.8738601734972923,0.8123968186497734,0.8430681516695037,16.11674288326435,0.5218133330345154
LightGCN,ml-100k,0.05,1.0,0.2,True,True,ml-100k_LightGCN_u1.0_s0.2_pTrue_0704_131750,ml-100k_LightGCN_u1.0_s0.2_pTrue_0704_131750.log,0.3366993986541023,0.2839767019697719,0.23784290741132974,0.5413751118314891,0.8565132828105808,0.41074443591711435,0.6944264895982056,183.92353571146842,4.344282915472553,1.2004133697018304,0.8221752955136147,0.7709493117388055,0.898949090513056,8.84843176139129,0.699755847454071,0.3630008353090268,0.41863041958720826,0.18709689414234076,0.5413751118314891,0.9258136687672704,0.5172678434382195,0.6971491496714523,168.54986736115947,3.9811561165882496,1.0386075721948769,0.8454320304701538,0.7839923275158167,0.8754708405299171,11.307018715494605,0.6567709684371948,0.4312678814567038,0.6281193967406552,0.12313447782480355,0.5413751118314891,0.9749161554818592,0.6742900997697621,0.672640874956681,143.9061172778009,3.3990695334537215,0.7893201674878246,0.8656953677587016,0.8027343718602946,0.8547142843564325,14.290898226040147,0.5954722404479981,0.48558801165573734,0.7783487564692481,0.08186290760781885,0.5413751118314891,0.990009013457869,0.7915579432079816,0.6282401261776149,123.67801452560441,2.9212807564010257,0.5854162806723232,0.8739793893007505,0.8124878222294398,0.8433033995166582,16.102513260850028,0.5192978858947754
LightGCN,ml-100k,0.05,1.0,0.5,True,True,ml-100k_LightGCN_u1.0_s0.5_pTrue_0703_173708,ml-100k_LightGCN_u1.0_s0.5_pTrue_0703_173708.log,0.3223544891123683,0.27646511787297445,0.22757121069964295,0.5238509783773372,0.8477930098601913,0.4096699923254029,0.7079782230240976,180.00094384918185,4.251631103697706,1.211559735623958,0.8235566840317393,0.7757941969899483,0.9000105780323586,8.92308407240702,0.6920387148857117,0.3506467997245041,0.4111926615996276,0.18098209150749842,0.5238509783773372,0.9219748199162552,0.5166538756715273,0.7031145690677789,165.6362349704828,3.9123359769154193,1.036510751044299,0.8466653425153161,0.7872892139407596,0.8765509801202409,11.402040979929886,0.651809811592102,0.42029188735257106,0.6209756074906375,0.12108328999495585,0.5238509783773372,0.9732117614548595,0.6704528012279355,0.6737737657387634,142.5058662724555,3.365995536173471,0.7808182078492141,0.8668533498976722,0.804698364476869,0.8554029519560424,14.402525579948783,0.5912974238395691,0.47533209089152795,0.7734317247896418,0.08114603338023067,0.5238509783773372,0.9900058474783846,0.7884881043745203,0.6287547420236794,123.19723345985695,2.9099246840966844,0.5805574695389543,0.8748798788396638,0.8137718297924434,0.8440168751786246,16.176294413168314,0.515539824962616
LightGCN,ml-1m,0.05,0.42,0.8,True,False,ml-1m_LightGCN_u0.42_s0.8_pTrue_0703_143323,ml-1m_LightGCN_no_suppression_0703_143323.log,0.2987617581835339,0.19316764747304713,0.24046188052230838,0.5190816822034027,0.8510873864679646,0.5277350680070965,0.7424099224130466,1010.8542537791184,5.944908986429321,0.7529449381560699,0.7876245732615814,0.6994689852497828,0.87552323301855,8.214856819382335,0.617619514465332,0.30873900430400775,0.29355414921756673,0.19620936413174206,0.5190816822034027,0.9201425812507626,0.6101123595505618,0.7562834907220445,974.7826955747857,5.732769472031728,0.706448489594137,0.8194104896280974,0.7260680214739914,0.8511579308381301,10.873528855652326,0.5622031211853027,0.3573144907676057,0.46592101523934987,0.13761953260726165,0.5190816822034027,0.9672951886056147,0.7253696037847426,0.762904077319648,896.6926894271825,5.2735163427486125,0.6175822408776331,0.8475990539963206,0.7591062887326767,0.831996350939874,14.261143741448493,0.49903331995010375,0.4112724751436233,0.6136685916056924,0.09767458335011736,0.5190816822034027,0.9830675973235575,0.8156712004730929,0.7576833991776191,811.6244681402168,4.773223811656445,0.5286897334278022,0.8620764206328546,0.7805826160569346,0.8272012960011466,16.240730934394325,0.45531890392303465
LightGCN,ml-1m,0.05,1.0,0.2,True,True,ml-1m_LightGCN_u1.0_s0.2_pTrue_0704_193959,ml-1m_LightGCN_u1.0_s0.2_pTrue_0704_193959.log,0.30396232622166064,0.19161689622485265,0.24572401086238327,0.5248975889298293,0.8456206504327266,0.4795387344766411,0.7624541828225979,1072.7174795914398,6.308731214694422,0.8601788023369055,0.7823284738827286,0.6891070681891657,0.8718754207582853,8.079733702687118,0.634346890449524,0.3111538156872181,0.2909638057425023,0.19918818568421326,0.5248975889298293,0.9152050809677308,0.5747486694263749,0.7706350941144758,1013.0270651912264,5.9576874518128,0.7721694326436358,0.814502751427273,0.7172647667954006,0.8474549566582337,10.69960041448664,0.5797065258026123,0.3571974528918015,0.46215693597056784,0.1388263477959889,0.5248975889298293,0.9658039756371417,0.6993494973388528,0.768130024494823,910.0980384736079,5.352354196686882,0.6419792755088347,0.8430117992601517,0.7512123464889037,0.8268287075653189,14.134436943812329,0.5166472673416138,0.4113598321275441,0.6117184450071131,0.09853344107983324,0.5248975889298293,0.9820403226673339,0.7968066232998225,0.7572901370677528,812.8135980544138,4.78021717305005,0.5336579414506027,0.857835544419108,0.7737401609245549,0.8222055951562698,16.121676685262504,0.4703933775424957
LightGCN,ml-1m,0.05,1.0,0.5,True,True,ml-1m_LightGCN_u1.0_s0.5_pTrue_0704_010803,ml-1m_LightGCN_u1.0_s0.5_pTrue_0704_010803.log,0.28416944575392805,0.18080609260919328,0.2305112358372595,0.5014180499407944,0.8334914863419552,0.4746303962152572,0.7793424103079531,1052.6573676746748,6.190756205778042,0.9463984121905294,0.7851239194841769,0.6985592367551196,0.8742084071269194,8.112222174992349,0.6200710654258728,0.2938144800239123,0.2795129568334747,0.18892605806283466,0.5014180499407944,0.9118908211712415,0.5740981667652277,0.7823731566907942,997.2210395954755,5.864731040685659,0.8268408171193752,0.8164873810380925,0.7237030133408358,0.8493822958984131,10.720027348184427,0.5671384453773498,0.34200936952804917,0.45141852636591506,0.13393281735294685,0.5014180499407944,0.9635835615682058,0.7020697811945593,0.7751911608531029,899.5100335737263,5.290085353040686,0.6662546181886515,0.844053800427889,0.7545604708639689,0.8282753232599998,14.123060056471616,0.5075802206993103,0.3968850397669398,0.6016250007651296,0.09617614150783904,0.5014180499407944,0.9819409575124702,0.8022471910112359,0.7630973434051362,806.3625722264601,4.742278210758589,0.5476577759366859,0.8586665743943094,0.7756437943834472,0.8234584589819459,16.127699071643097,0.46432008147239684
LightGCN,ml-1m,0.05,0.42,0.8,True,True,ml-1m_LightGCN_u0.42_s0.8_pTrue_0704_044235,ml-1m_LightGCN_u0.42_s0.8_pTrue_0704_044235.log,0.28705335299638984,0.17821900188391707,0.2313664240821917,0.5098800015795968,0.8295836432388184,0.44476641040804255,0.7739616164799538,1053.4335198684291,6.195320814507973,0.9286263840220208,0.7850094138819939,0.694408643517804,0.874088566910664,8.139022979577756,0.6266776561737061,0.29210401413771825,0.27011113616230026,0.18656037442661613,0.5098800015795968,0.904933931722654,0.5471910112359551,0.7836578970660785,993.0747049351148,5.840346138420105,0.8270178495544858,0.8167170780743428,0.7222134259222684,0.8495963099791144,10.76783517645976,0.5715997457504273,0.336483536110729,0.4360709004922831,0.1307572625197956,0.5098800015795968,0.9604692837166807,0.6837965700768777,0.7802668998538181,889.5912939794347,5.231752508392004,0.6766502602726383,0.8443748379477874,0.7548268205135857,0.8286785146871025,14.173506866436089,0.5090345025062561,0.38946698204936847,0.5835677523727435,0.09341538060264201,0.5098800015795968,0.9799197732608935,0.7914251921939681,0.7679309052326133,793.419261987382,4.666157641381976,0.5531284202463809,0.8584624607369904,0.7758371929049369,0.8233713274882215,16.134209237916455,0.4647956430912018
MultiVAE,lastfm,0.05,0.5,0.5,True,False,lastfm_MultiVAE_0628_202307,lastfm_MultiVAE_no_suppression_0628_202307.log,0.2706141318432202,0.2492290447058517,0.19670732914558578,0.5393345849661179,0.8223114710856674,0.5054455445544555,0.7388269707317894,179.61941066864608,7.153410693859049,1.149759896211148,0.8597229239669618,0.7387877213083558,0.8931924338164045,12.250376828988362,0.753561532497406,0.3208643990465817,0.3495925706288028,0.1376629443996905,0.5393345849661179,0.9009205463249931,0.6614568599717114,0.7505720236050643,157.5778978556462,6.27559914287801,0.9903487032305691,0.8818267493348125,0.7686305819433812,0.8570890547277188,18.31885072431855,0.7042379975318909,0.3837683841871442,0.5094774180329115,0.0800121877233691,0.5393345849661179,0.960046001117098,0.8698727015558699,0.7446610360444941,128.16540456553076,5.10423551769217,0.7655299119073624,0.9070254339498783,0.8137747112231779,0.8224002898820585,31.01170083162957,0.6301411509513855,0.4248150291528601,0.6372428931602536,0.04989550042242127,0.5393345849661179,0.9786810601325454,0.9661244695898162,0.707876938385773,106.90175459956393,4.257402647620993,0.5862630402095657,0.9240510701680733,0.8482632193910205,0.8079367148501472,45.07885394018005,0.5610512614250183
MultiVAE,lastfm,0.05,1.0,0.2,False,True,lastfm_MultiVAE_u1.0_s0.2_pFalse_0629_220655,lastfm_MultiVAE_u1.0_s0.2_pFalse_0629_220655.log,0.268417504090663,0.24732967844065418,0.19215906000048752,0.5081933983228859,0.8016507204887553,0.5680339462517681,0.7221764768957553,164.58964593356268,6.554844651459163,1.0149365493683482,0.858427337868721,0.736413872635675,0.8918640129379052,12.209205717731326,0.7440370440483093,0.31136404083051855,0.3500284225949025,0.13623119392660202,0.5081933983228859,0.8859633286122156,0.725884016973126,0.7354461272458073,146.24857613346424,5.824404637451582,0.8825325016509135,0.8806869011300321,0.7664212909084998,0.855991732618276,18.22794281515261,0.6966879606246948,0.3748416023589386,0.512811728123841,0.07992216030830382,0.5081933983228859,0.9493835309652795,0.9101131541725602,0.7248386717222925,120.85300784467806,4.813016563649481,0.689415214653685,0.9060238430407412,0.811973823941688,0.8212790524282173,30.80715224049653,0.6248754739761353,0.41559973472260114,0.6403076687126066,0.04997366895665262,0.5081933983228859,0.9710280087524955,0.9808345120226308,0.6832449518294345,101.7817183901986,4.053495276826949,0.5301124764076889,0.923299087117071,0.8470265391736655,0.8069652674191298,44.771329035818596,0.5583576321601867
MultiVAE,lastfm,0.05,1.0,0.5,False,True,lastfm_MultiVAE_u1.0_s0.5_pFalse_0701_120111,lastfm_MultiVAE_u1.0_s0.5_pFalse_0701_120111.log,0.25104743490215287,0.23776815973692664,0.18341556627856798,0.4756296452134069,0.7972520757074567,0.6456859971711457,0.681136093196328,140.14566439342656,5.581353878391921,0.8109382163819097,0.8545979701869619,0.7270421091282375,0.8903185805668793,11.974102586912426,0.7239404320716858,0.29626879924329524,0.3441356433704198,0.13314828518988514,0.4756296452134069,0.8819935257055924,0.7927157001414427,0.6966257515209404,128.62105754352538,5.122382069188702,0.7202025445081232,0.8770555192495302,0.7581157906890662,0.8533373640225277,17.911119772684785,0.6807872891426087,0.3591552162625725,0.5049685472537709,0.07854284292392444,0.4756296452134069,0.9474504448589702,0.9453323903818953,0.6846582578635438,109.59712963550487,4.3647469737953495,0.5736070086021324,0.9026381052932522,0.8047053940050048,0.8173129222668409,30.26684966890827,0.6155952930450439,0.4012340943085513,0.6367825989663833,0.04958208168892768,0.4756296452134069,0.9704886903855547,0.9919377652050919,0.6400636980678186,93.9053140896575,3.739814508457279,0.44284693738885517,0.9208755735594423,0.8423581978647053,0.8034761875413079,44.201485718844175,0.5530938148498535
MultiVAE,ml-100k,0.05,0.5,0.5,True,False,ml-100k_MultiVAE_0628_210940,ml-100k_MultiVAE_no_suppression_0628_210940.log,0.30157458962134764,0.2460485651859035,0.21678670891568527,0.5126273212806283,0.8307558417233716,0.3735993860322333,0.7441943091101445,219.14308840335525,5.1761704738434124,1.5025589654864984,0.8378861149779159,0.7915662176975353,0.9082633707239127,9.329616879881467,0.6964086532592774,0.32278670118517255,0.3629684362202675,0.1686380711874388,0.5126273212806283,0.9060200314902748,0.4787413660782809,0.7439474194742715,195.7132321017413,4.622756121246605,1.2828914457845653,0.8566190523037847,0.7982593014865698,0.8849251379193867,11.689344290685268,0.651727271080017,0.38848223571096613,0.5605526237026422,0.11212645434473616,0.5126273212806283,0.9674688740488216,0.6348426707597851,0.7207798615139616,164.06455786323062,3.8752128867178377,0.9824518488671335,0.8716448813360118,0.8086523335451096,0.8608357901715518,14.454065060830246,0.5833992838859559,0.44366616453846197,0.7146672516154885,0.07591626916623975,0.5126273212806283,0.9874517467451429,0.7514965464313124,0.6815498756662428,140.69826792690372,3.323299974780306,0.7558875855642107,0.8778179551998642,0.8155115198844097,0.8503024619445568,15.994514233086017,0.502765566110611
MultiVAE,ml-100k,0.05,1.0,0.2,True,True,ml-100k_MultiVAE_u1.0_s0.2_pTrue_0629_203935,ml-100k_MultiVAE_u1.0_s0.2_pTrue_0629_203935.log,0.2899139054524042,0.24148386105937392,0.2068213890568839,0.4919492944810223,0.8114357028286635,0.39554873369148125,0.7366338038296039,213.9853294301343,5.054343954454183,1.4393472097291078,0.8379254599152415,0.7914736028026402,0.9081336066411554,9.361153410536229,0.670993161201477,0.31480042003179004,0.36246444112317266,0.16538160493680898,0.4919492944810223,0.8937076364831411,0.4990023023791251,0.7389562672286148,192.40136208696705,4.5445295894012165,1.236684189634519,0.8563904016127732,0.7978323863594993,0.8844686193231756,11.701316250913939,0.6292922377586365,0.38027902036548256,0.5611794864849349,0.11122555279668105,0.4919492944810223,0.9596100894478299,0.646968534151957,0.7168707260786412,162.94959131677874,3.848877322319636,0.96127444476983,0.8716982496244258,0.808820293693793,0.8612960505372239,14.446214405485978,0.5643208026885986,0.4336695249603551,0.7101666905504691,0.07528128601759175,0.4919492944810223,0.9789614421840808,0.7639293937068303,0.6823233035695037,140.78463302151278,3.325339922542031,0.7477061345920633,0.8783207718058093,0.8166095496380814,0.8513388226257284,15.980245753980375,0.4880225360393524
MultiVAE,ml-100k,0.05,1.0,0.5,False,True,ml-100k_MultiVAE_u1.0_s0.5_pFalse_0701_105552,ml-100k_MultiVAE_u1.0_s0.5_pFalse_0701_105552.log,0.27201468793251976,0.22851625554817395,0.19723475280365452,0.4647944836347537,0.7986855502365431,0.41841903300076744,0.7421951009004168,211.41114035036517,4.993541482398728,1.4256156336885475,0.8400491888181605,0.7962105115145723,0.9099385860884969,9.423497115703114,0.6092751264572144,0.29871601483936494,0.34938174960736845,0.15867153145853793,0.4647944836347537,0.8875441881449045,0.5273983115886416,0.7425900427119968,190.74998247567268,4.505523922157192,1.2136566175654007,0.8574947431556946,0.800174381490729,0.8851550527618357,11.768055711992378,0.5676335573196412,0.3637517242098146,0.5451312663367346,0.10771667604324417,0.4647944836347537,0.9547241538036108,0.6756715272448196,0.7232742051048144,163.33332351074472,3.8579410955225306,0.9510315102033449,0.8709935634026496,0.8077839252733048,0.8612165306023568,14.43068783047379,0.5088971495628357,0.4177582186343466,0.6973745933337798,0.07363325353369835,0.4647944836347537,0.9787459600531794,0.7792785878741366,0.6881067966320147,142.3170199557938,3.3615349769310128,0.7508740041523649,0.8780780316697614,0.8161591113534847,0.8525682697911805,15.90119522804925,0.4462692677974701
MultiVAE,ml-100k,0.05,0.625,0.8,False,True,ml-100k_MultiVAE_u0.625_s0.8_pFalse_0701_110350,ml-100k_MultiVAE_u0.625_s0.8_pFalse_0701_110350.log,0.27085581746680615,0.22876596687507905,0.19510654729758561,0.4630654643302992,0.8001649622678236,0.42148887183422873,0.7468123895770571,214.02083364005867,5.055182565630317,1.4593060400454891,0.8411996519714691,0.7986761767704663,0.9113332676414159,9.434540281382084,0.6008434653282165,0.29755107845657147,0.34833174822151614,0.15734475151973276,0.4630654643302992,0.8892458679248136,0.5289332310053722,0.7470205446388465,192.37147366467568,4.543823623403833,1.2407981742784453,0.8579258286365847,0.8009916730793047,0.8854037906356427,11.784001506224133,0.5556851387023926,0.36214560163921355,0.5414851033875762,0.10689250055840482,0.4630654643302992,0.9525960347912925,0.6787413660782808,0.7286176567490066,164.22759835189913,3.879063911040054,0.9680962274593048,0.8709854390878109,0.8076958680606389,0.8605731006149794,14.448113501953767,0.49478599429130554,0.4166435112945154,0.6951689746136915,0.07335254235280146,0.4630654643302992,0.9778971587380889,0.7774366845740598,0.6916737216827695,142.99402621949207,3.377525898015012,0.762875203303323,0.8780685651750917,0.8160931165562465,0.8521360618887887,15.908177161546726,0.43413337469100954
MultiVAE,ml-100k,0.05,0.625,0.8,True,True,ml-100k_MultiVAE_u0.625_s0.8_pTrue_0701_104750,ml-100k_MultiVAE_u0.625_s0.8_pTrue_0701_104750.log,0.27240144370668834,0.23107867493305578,0.19636535518831993,0.4638772145750597,0.7978358435303011,0.3963161933998466,0.7439314233139642,215.19316664032362,5.082873128475332,1.4761156639678021,0.8404793439510823,0.7972101569572615,0.910219872329934,9.424520303059461,0.6166586756706238,0.29668381614594375,0.3453528567996944,0.15628555747967227,0.4638772145750597,0.8858379775565093,0.4948580199539524,0.7422066154447036,193.86099451284804,4.579006178740886,1.2649171167032867,0.8583846435451281,0.8015315628198983,0.8861351250302818,11.780554261199375,0.5706867694854736,0.3622143074306766,0.542039663641259,0.10622212169169834,0.4638772145750597,0.953873082268367,0.6485034535686875,0.724670603699858,165.11104416245684,3.899930944324866,0.9838644392530442,0.87176345042325,0.8088275109597852,0.8613393805612114,14.482961936103852,0.5071521580219269,0.4162647792441576,0.6944329022862383,0.07287484949557674,0.4638772145750597,0.9772588570130202,0.762854950115119,0.6912203933285631,143.18080346397838,3.3819375856714196,0.7678269381181784,0.8784203348845585,0.8166294890127777,0.8519967773067509,15.964058271359793,0.44036111831665037
MultiVAE,ml-1m,0.05,0.5,0.5,True,False,ml-1m_MultiVAE_0628_084556,ml-1m_MultiVAE_no_suppression_0628_084556.log,0.3048355262848183,0.19123236791218784,0.24791672658776726,0.5331534168432706,0.8588398448545872,0.4714370195150798,0.7914505310728666,1221.1710036304128,7.181797421644608,1.021610366469575,0.7959292347266171,0.7020388697341388,0.8782823288626984,8.393411431176059,0.6216533184051514,0.31153031157932026,0.2867604098242408,0.1989920864250362,0.5331534168432706,0.9242173815314609,0.5531638083973981,0.7993524904193583,1152.941893609033,6.780536955275925,0.9335897844319968,0.8286997861566447,0.7314637585109163,0.8567913112386435,11.149199605578115,0.5652856826782227,0.3580496088759492,0.4537763552129942,0.13742497305649942,0.5331534168432706,0.9685532960891836,0.6654642223536369,0.7963565875276704,1029.6176000652315,6.055257620304858,0.7771063890745996,0.8559184256258622,0.7653707442614103,0.8391868358439953,14.58592801802582,0.5009356498718261,0.4108438478747753,0.5986789127699294,0.09660134130266997,0.5331534168432706,0.9853864927976366,0.7582495564754583,0.7837867485224637,905.3613566793423,5.3244974190561685,0.6326977749787225,0.8681592206060058,0.7855887274166865,0.8338801876409331,16.453256120586197,0.4570339858531952
MultiVAE,ml-1m,0.05,1.0,0.2,False,True,ml-1m_MultiVAE_u1_s0.2_pFalse_0702_145449,ml-1m_MultiVAE_u1_s0.2_pFalse_0702_145449.log,0.29056653443453795,0.1822419732659161,0.2353857592519661,0.5102714910704567,0.827592337638657,0.46073329390892964,0.8031106196486404,1237.1238894332462,7.275617528563272,1.0083948703723957,0.7879305653926294,0.6921559862916492,0.8752642245226813,8.157360397692553,0.6064157843589782,0.297182679029888,0.2759602833519895,0.19033682500193289,0.5102714910704567,0.9011877863741347,0.551271437019515,0.810765487927749,1164.5663288849732,6.848901122984323,0.9239880706059329,0.8230078990839053,0.7240750555265776,0.8538258269434136,10.890512912074188,0.5483303546905518,0.34152460209615115,0.4389421899216299,0.1324222500872561,0.5102714910704567,0.9553984491562801,0.6801301005322294,0.8076107944609439,1033.510236174551,6.07815050253855,0.7668219867456647,0.8526816087111142,0.7607608788164671,0.8368183979193562,14.396067593333878,0.48565863966941836,0.3934003961735122,0.583039565313673,0.09378344849460041,0.5102714910704567,0.9774675106926104,0.7809580130100533,0.7943449077195858,903.7968854034374,5.315296647221488,0.6215918266582897,0.8655547571192287,0.7816918190496774,0.831468849023876,16.305251467939478,0.444716078042984
MultiVAE,ml-1m,0.05,1.0,0.5,False,True,ml-1m_MultiVAE_u1.0_s0.5_pFalse_0701_155109,ml-1m_MultiVAE_u1.0_s0.5_pFalse_0701_155109.log,0.28291925276962243,0.18077880138006072,0.2285920149155602,0.5029614320421955,0.8302788753968435,0.4821998817267888,0.7953147293391767,1217.0176986499823,7.157371526408738,0.9651465527598567,0.7925003795231834,0.6974966105664906,0.877169149468703,8.32859054650928,0.575459337234497,0.2906498798405447,0.27405264434846965,0.18491452620017268,0.5029614320421955,0.9031116258795375,0.5774689532820816,0.8014873512904097,1140.74461460798,6.708803851050209,0.8779016313355166,0.8256116131241807,0.7270226779963863,0.854936883700946,11.081037238156902,0.5146864295005799,0.3371035599533223,0.43825724228031787,0.13014923258776928,0.5029614320421955,0.9567911149713236,0.7032525133057362,0.7968055649828372,1011.326263896186,5.947684913004445,0.7260827946061219,0.8532386594805088,0.7614450678266866,0.8371273240832613,14.538574783763405,0.45286298394203184,0.39057250743174965,0.5852498453451831,0.0933681404372736,0.5029614320421955,0.9781967338656145,0.8043169722057953,0.7845683883703403,887.69540497782,5.220602644283668,0.5934348821432703,0.8656899285555113,0.7819120711991756,0.8326837687692844,16.37525354171965,0.4163913011550903
MultiVAE,ml-1m,0.05,0.625,0.8,False,True,ml-1m_MultiVAE_u0.625_s0.8_pFalse_0701_170542,ml-1m_MultiVAE_u0.625_s0.8_pFalse_0701_170542.log,0.2856369758959371,0.18162160385976064,0.23125311992237035,0.5050572131402588,0.8309413627266731,0.49201655824955653,0.7944840444767994,1216.1034798506741,7.151994937711355,0.9594236827205516,0.7925323084153543,0.6990623120350425,0.8773354738775703,8.342265541155594,0.5779650211334229,0.2925825930175427,0.2741815254390529,0.18638078943711398,0.5050572131402588,0.9026139217003568,0.579183914843288,0.8003090232869973,1144.879286630013,6.733120164473067,0.8790881226902787,0.826163923930291,0.7286373126763077,0.855428335213803,11.094775778478311,0.5168541193008422,0.3387550879312923,0.4390370394935409,0.13078536861054207,0.5050572131402588,0.9563600421905027,0.7098758131283265,0.799026062803172,1018.2724438533527,5.9885359135263645,0.735065077490141,0.8540475033672354,0.7629278140652006,0.8380516827295399,14.55797302537412,0.4531238615512848,0.39193744163886757,0.5853635478771013,0.09358912774769626,0.5050572131402588,0.9779315258740094,0.8060910703725606,0.7870022445887213,894.9177640747109,5.2630778748501,0.6037333022426417,0.8665399608716108,0.7834296661212433,0.8337087610815066,16.40571508180198,0.41494678258895873
